"File","Interface","ReturnType","Method","Params"
"src\Org.Frontend\Services\Auth\IAuthService.cs","IAuthService","Task<MeResponse>","GetMeAsync","string accessToken, CancellationToken ct = default"
"src\Org.Frontend\Services\Auth\IAuthService.cs","IAuthService","Task<LoginResponse>","LoginAsync","LoginRequest request, CancellationToken ct = default"
"src\Org.Frontend\Services\Auth\IAuthService.cs","IAuthService","Task<RegisterResponse>","RegisterAsync","RegisterRequest request, CancellationToken ct = default"
"src\Org.Frontend\Services\Departments\IDepartmentService.cs","IDepartmentService","Task<DepartmentDto>","AssignManagerAsync","Guid departmentId, Guid? managerMemberId"
"src\Org.Frontend\Services\Departments\IDepartmentService.cs","IDepartmentService","Task","AssignMemberAsync","Guid departmentId, Guid memberId"
"src\Org.Frontend\Services\Departments\IDepartmentService.cs","IDepartmentService","Task<DepartmentTaskDto>","CompleteDepartmentTaskAsync","Guid taskId"
"src\Org.Frontend\Services\Departments\IDepartmentService.cs","IDepartmentService","Task<DepartmentDto>","CreateDepartment","CreateDepartmentRequest req"
"src\Org.Frontend\Services\Departments\IDepartmentService.cs","IDepartmentService","Task<DepartmentTaskDto>","CreateDepartmentTaskAsync","Guid departmentId, CreateDepartmentTaskRequest request"
"src\Org.Frontend\Services\Departments\IDepartmentService.cs","IDepartmentService","Task","DeleteDepartment","Guid id"
"src\Org.Frontend\Services\Departments\IDepartmentService.cs","IDepartmentService","Task","DeleteDepartmentTaskAsync","Guid taskId"
"src\Org.Frontend\Services\Departments\IDepartmentService.cs","IDepartmentService","Task<List<MemberDto>>","GetDepartmentMembersAsync","Guid departmentId"
"src\Org.Frontend\Services\Departments\IDepartmentService.cs","IDepartmentService","Task<List<DepartmentDto>>","GetDepartments","Guid orgId"
"src\Org.Frontend\Services\Departments\IDepartmentService.cs","IDepartmentService","Task<List<DepartmentTaskDto>>","GetDepartmentTasksAsync","Guid departmentId"
"src\Org.Frontend\Services\Departments\IDepartmentService.cs","IDepartmentService","Task<DepartmentTasksOverviewViewModel>","GetTasksOverviewAsync","Guid departmentId"
"src\Org.Frontend\Services\Departments\IDepartmentService.cs","IDepartmentService","Task","RemoveMemberAsync","Guid departmentId, Guid memberId"
"src\Org.Frontend\Services\Departments\IDepartmentService.cs","IDepartmentService","Task<DepartmentDto>","UpdateDepartment","Guid id, UpdateDepartmentRequest req"
"src\Org.Frontend\Services\Departments\IDepartmentService.cs","IDepartmentService","Task<DepartmentTaskDto>","UpdateDepartmentTaskAsync","Guid taskId, UpdateDepartmentTaskRequest request"
"src\Org.Frontend\Services\Discover\IDiscoverService.cs","IDiscoverService","Task","AcceptFriendRequestAsync","Guid requestId, CancellationToken ct = default"
"src\Org.Frontend\Services\Discover\IDiscoverService.cs","IDiscoverService","Task","DeclineFriendRequestAsync","Guid requestId, CancellationToken ct = default"
"src\Org.Frontend\Services\Discover\IDiscoverService.cs","IDiscoverService","Task<DiscoverFeedViewModel>","GetDiscoverFeedAsync","CancellationToken ct = default"
"src\Org.Frontend\Services\Discover\IDiscoverService.cs","IDiscoverService","Task<IReadOnlyList<DiscoverFriendRequestItem>>","GetFriendRequestsAsync","CancellationToken ct = default"
"src\Org.Frontend\Services\Discover\IDiscoverService.cs","IDiscoverService","Task<IReadOnlyList<DiscoverFriendItem>>","GetFriendsAsync","CancellationToken ct = default"
"src\Org.Frontend\Services\Discover\IDiscoverService.cs","IDiscoverService","Task<DiscoverSearchResultViewModel>","SearchDiscoverAsync","string? query, CancellationToken ct = default"
"src\Org.Frontend\Services\Discover\IDiscoverService.cs","IDiscoverService","Task","SendFriendRequestAsync","Guid targetUserId, CancellationToken ct = default"
"src\Org.Frontend\Services\Events\IEventCategoryService.cs","IEventCategoryService","Task<EventCategoryViewModel>","CreateCategoryAsync","CreateEventCategoryViewModel req"
"src\Org.Frontend\Services\Events\IEventCategoryService.cs","IEventCategoryService","Task","DeleteCategoryAsync","Guid categoryId"
"src\Org.Frontend\Services\Events\IEventCategoryService.cs","IEventCategoryService","Task<List<EventCategoryViewModel>>","GetCategoriesAsync","Guid milestoneId"
"src\Org.Frontend\Services\Events\IEventCategoryService.cs","IEventCategoryService","Task<EventCategoryViewModel>","GetCategoryDetailAsync","Guid categoryId"
"src\Org.Frontend\Services\Events\IEventCategoryService.cs","IEventCategoryService","Task<EventCategoryViewModel>","UpdateCategoryAsync","Guid categoryId, UpdateEventCategoryViewModel req"
"src\Org.Frontend\Services\Events\IEventService.cs","IEventService","Task<bool>","CanCreateEventAsync","Guid orgId"
"src\Org.Frontend\Services\Events\IEventService.cs","IEventService","Task<bool>","CanManageEventAsync","Guid eventId"
"src\Org.Frontend\Services\Events\IEventService.cs","IEventService","Task<EventViewModel>","CreateEventAsync","CreateEventViewModel request"
"src\Org.Frontend\Services\Events\IEventService.cs","IEventService","Task","DeleteEventAsync","Guid eventId"
"src\Org.Frontend\Services\Events\IEventService.cs","IEventService","Task<EventViewModel?>","GetEventDetailAsync","Guid eventId"
"src\Org.Frontend\Services\Events\IEventService.cs","IEventService","Task<List<EventViewModel>>","GetEventsAsync","Guid orgId"
"src\Org.Frontend\Services\Events\IEventService.cs","IEventService","Task<MyEventsViewModel>","GetMyEventsAsync",""
"src\Org.Frontend\Services\Events\IEventService.cs","IEventService","Task<EventViewModel?>","GetPublicEventDetailAsync","Guid eventId"
"src\Org.Frontend\Services\Events\IEventService.cs","IEventService","Task","RegisterEventAsync","Guid eventId"
"src\Org.Frontend\Services\Events\IEventService.cs","IEventService","Task","UnregisterEventAsync","Guid eventId"
"src\Org.Frontend\Services\Events\IEventService.cs","IEventService","Task<EventViewModel>","UpdateEventAsync","Guid eventId, UpdateEventViewModel req"
"src\Org.Frontend\Services\Friends\IFriendService.cs","IFriendService","Task","AcceptRequestAsync","Guid requestId, CancellationToken ct = default"
"src\Org.Frontend\Services\Friends\IFriendService.cs","IFriendService","Task<IReadOnlyList<FriendProfileItem>>","GetDiscoverUsersAsync","int take = 12, CancellationToken ct = default"
"src\Org.Frontend\Services\Friends\IFriendService.cs","IFriendService","Task<IReadOnlyList<FriendProfileItem>>","GetFriendsAsync","CancellationToken ct = default"
"src\Org.Frontend\Services\Friends\IFriendService.cs","IFriendService","Task<IReadOnlyList<FriendRequestItem>>","GetIncomingRequestsAsync","CancellationToken ct = default"
"src\Org.Frontend\Services\Friends\IFriendService.cs","IFriendService","Task<IReadOnlyList<FriendRequestItem>>","GetOutgoingRequestsAsync","CancellationToken ct = default"
"src\Org.Frontend\Services\Friends\IFriendService.cs","IFriendService","Task","RejectRequestAsync","Guid requestId, CancellationToken ct = default"
"src\Org.Frontend\Services\Friends\IFriendService.cs","IFriendService","Task","RemoveFriendAsync","Guid friendUserId, CancellationToken ct = default"
"src\Org.Frontend\Services\Friends\IFriendService.cs","IFriendService","Task","SendRequestAsync","Guid receiverId, string? message = null, CancellationToken ct = default"
"src\Org.Frontend\Services\Members\IMemberService.cs","IMemberService","Task","AssignDepartment","Guid memberId, Guid departmentId"
"src\Org.Frontend\Services\Members\IMemberService.cs","IMemberService","Task","AssignRole","Guid memberId, Guid roleId"
"src\Org.Frontend\Services\Members\IMemberService.cs","IMemberService","Task<bool>","CanManageOrganizationMembersAsync","Guid orgId"
"src\Org.Frontend\Services\Members\IMemberService.cs","IMemberService","Task<MemberDto>","CreateMember","Guid orgId, FeatureCreateMemberRequest req"
"src\Org.Frontend\Services\Members\IMemberService.cs","IMemberService","Task","DeleteMember","Guid memberId"
"src\Org.Frontend\Services\Members\IMemberService.cs","IMemberService","Task<List<MemberDto>>","GetMembers","Guid orgId"
"src\Org.Frontend\Services\Members\IMemberService.cs","IMemberService","Task","LeaveOrganizationAsync","Guid orgId"
"src\Org.Frontend\Services\Messages\IMessageService.cs","IMessageService","Task<IReadOnlyList<ConversationListItem>>","GetConversationsAsync","CancellationToken ct = default"
"src\Org.Frontend\Services\Messages\IMessageService.cs","IMessageService","Task<IReadOnlyList<MessageableUserItem>>","GetMessageableUsersAsync","CancellationToken ct = default"
"src\Org.Frontend\Services\Messages\IMessageService.cs","IMessageService","Task<IReadOnlyList<MessageItem>>","GetMessagesAsync","Guid conversationId, CancellationToken ct = default"
"src\Org.Frontend\Services\Messages\IMessageService.cs","IMessageService","Task<ConversationOpenResult>","GetOrCreateDirectConversationAsync","Guid otherUserId, CancellationToken ct = default"
"src\Org.Frontend\Services\Messages\IMessageService.cs","IMessageService","Task<MessageItem>","SendMessageAsync","Guid conversationId, string content, CancellationToken ct = default"
"src\Org.Frontend\Services\Events\IMilestoneService.cs","IMilestoneService","Task<MilestoneViewModel>","CreateMilestoneAsync","CreateMilestoneViewModel req"
"src\Org.Frontend\Services\Events\IMilestoneService.cs","IMilestoneService","Task","DeleteMilestoneAsync","Guid milestoneId"
"src\Org.Frontend\Services\Events\IMilestoneService.cs","IMilestoneService","Task<List<MilestoneViewModel>>","GetMilestonesAsync","Guid eventId"
"src\Org.Frontend\Services\Events\IMilestoneService.cs","IMilestoneService","Task<MilestoneViewModel>","UpdateMilestoneAsync","Guid milestoneId, UpdateMilestoneViewModel req"
"src\Org.Frontend\Services\Notifications\INotificationService.cs","INotificationService","Task<int>","ClearAllNotificationsAsync","bool onlyRead = false, CancellationToken ct = default"
"src\Org.Frontend\Services\Notifications\INotificationService.cs","INotificationService","Task<int>","DeleteNotificationAsync","Guid id, CancellationToken ct = default"
"src\Org.Frontend\Services\Notifications\INotificationService.cs","INotificationService","Task<NotificationDto>","GetNotificationByIdAsync","Guid id, CancellationToken ct = default"
"src\Org.Frontend\Services\Notifications\INotificationService.cs","INotificationService","Task<int>","GetUnreadCountAsync","CancellationToken ct = default"
"src\Org.Frontend\Services\Notifications\INotificationService.cs","INotificationService","Task<int>","MarkAllAsReadAsync","CancellationToken ct = default"
"src\Org.Frontend\Services\Notifications\INotificationService.cs","INotificationService","Task<NotificationDto>","MarkAsReadAsync","Guid id, CancellationToken ct = default"
"src\Org.Frontend\Services\Notifications\INotificationService.cs","INotificationService","Task","StartRealtimeAsync","CancellationToken ct = default"
"src\Org.Frontend\Services\Notifications\INotificationService.cs","INotificationService","Task","StopRealtimeAsync","CancellationToken ct = default"
"src\Org.Frontend\Services\Organizations\IOrganizationContext.cs","IOrganizationContext","Task<Guid>","GetOrganizationIdAsync","CancellationToken ct = default"
"src\Org.Frontend\Services\Organizations\IOrganizationContext.cs","IOrganizationContext","Task","ResetAsync","CancellationToken ct = default"
"src\Org.Frontend\Services\Organizations\IOrganizationRoleService.cs","IOrganizationRoleService","Task","AssignRoleToMemberAsync","Guid organizationId, Guid memberId, Guid roleId, CancellationToken ct = default"
"src\Org.Frontend\Services\Organizations\IOrganizationRoleService.cs","IOrganizationRoleService","Task<bool>","CanManageRolesAsync","Guid organizationId, CancellationToken ct = default"
"src\Org.Frontend\Services\Organizations\IOrganizationRoleService.cs","IOrganizationRoleService","Task<OrganizationRoleViewModel>","CreateRoleAsync","Guid organizationId, UpsertOrganizationRoleRequest request, CancellationToken ct = default"
"src\Org.Frontend\Services\Organizations\IOrganizationRoleService.cs","IOrganizationRoleService","Task","DeleteRoleAsync","Guid roleId, CancellationToken ct = default"
"src\Org.Frontend\Services\Organizations\IOrganizationRoleService.cs","IOrganizationRoleService","Task<IReadOnlyList<PermissionOptionViewModel>>","GetAvailablePermissionsAsync","Guid organizationId, CancellationToken ct = default"
"src\Org.Frontend\Services\Organizations\IOrganizationRoleService.cs","IOrganizationRoleService","Task<IReadOnlyList<OrganizationRoleViewModel>>","GetRolesAsync","Guid organizationId, CancellationToken ct = default"
"src\Org.Frontend\Services\Organizations\IOrganizationRoleService.cs","IOrganizationRoleService","Task<OrganizationRoleViewModel>","UpdateRoleAsync","Guid roleId, UpsertOrganizationRoleRequest request, CancellationToken ct = default"
"src\Org.Frontend\Services\Organizations\IOrganizationService.cs","IOrganizationService","Task<OrganizationDetailViewModel>","CreateOrganizationAsync","CreateOrganizationViewModel model, CancellationToken ct = default"
"src\Org.Frontend\Services\Organizations\IOrganizationService.cs","IOrganizationService","Task<MyOrganizationsViewModel>","GetMyOrganizationsAsync","CancellationToken ct = default"
"src\Org.Frontend\Services\Organizations\IOrganizationService.cs","IOrganizationService","Task<OrganizationOverviewViewModel>","GetOrganizationOverviewAsync","Guid organizationId, CancellationToken ct = default"
"src\Org.Frontend\Services\Organizations\IOrganizationService.cs","IOrganizationService","Task<OrganizationViewerPermissionViewModel>","GetOrganizationViewerPermissionAsync","Guid organizationId, CancellationToken ct = default"
"src\Org.Frontend\Services\Organizations\IOrganizationService.cs","IOrganizationService","Task<OrganizationOverviewViewModel>","UpdateOrganizationOverviewAsync","Guid organizationId, UpdateOrganizationOverviewRequest request, CancellationToken ct = default"
"src\Org.Frontend\Services\Overview\IOverviewService.cs","IOverviewService","Task<OverviewPageViewModel>","GetOverviewAsync","CancellationToken ct = default"
"src\Org.Frontend\Services\Posts\IPostService.cs","IPostService","Task","AddCommentAsync","Guid postId, string content, CancellationToken ct = default"
"src\Org.Frontend\Services\Posts\IPostService.cs","IPostService","Task<PostFeedItem>","CreatePostAsync","CreatePostInput input, CancellationToken ct = default"
"src\Org.Frontend\Services\Posts\IPostService.cs","IPostService","Task<IReadOnlyList<PostFeedItem>>","GetFeedAsync","int take = 20, CancellationToken ct = default"
"src\Org.Frontend\Services\Requests\IRequestService.cs","IRequestService","Task","ApproveRequestAsync","Guid requestId, CancellationToken ct = default"
"src\Org.Frontend\Services\Requests\IRequestService.cs","IRequestService","Task<bool>","CanReviewOrganizationRequestsAsync","Guid orgId, CancellationToken ct = default"
"src\Org.Frontend\Services\Requests\IRequestService.cs","IRequestService","Task<bool>","CanViewOrganizationRequestsAsync","Guid orgId, CancellationToken ct = default"
"src\Org.Frontend\Services\Requests\IRequestService.cs","IRequestService","Task<List<RequestViewModel>>","GetPendingRequestsAsync","Guid orgId, CancellationToken ct = default"
"src\Org.Frontend\Services\Requests\IRequestService.cs","IRequestService","Task<RequestDetailViewModel?>","GetRequestDetailAsync","Guid requestId, CancellationToken ct = default"
"src\Org.Frontend\Services\Requests\IRequestService.cs","IRequestService","Task","RejectRequestAsync","Guid requestId, CancellationToken ct = default"
"src\Org.Frontend\Services\Requests\IRequestService.cs","IRequestService","Task","SubmitJoinRequestAsync","JoinRequestFormViewModel form, CancellationToken ct = default"
"src\Org.Frontend\Services\Requests\IRequestService.cs","IRequestService","Task","SubmitOrganizationRequestAsync","CreateOrganizationRequestViewModel form, CancellationToken ct = default"
"src\Org.Frontend\Services\SignalR\ISignalRService.cs","ISignalRService","Task","StartAsync","CancellationToken ct = default"
"src\Org.Frontend\Services\SignalR\ISignalRService.cs","ISignalRService","Task","StopAsync","CancellationToken ct = default"
"src\Org.Frontend\Services\Tasks\ITaskService.cs","ITaskService","Task<bool>","CanManageTasksAsync","Guid categoryId"
"src\Org.Frontend\Services\Tasks\ITaskService.cs","ITaskService","Task<TaskViewModel>","CreateTaskAsync","Guid categoryId, CreateTaskViewModel req"
"src\Org.Frontend\Services\Tasks\ITaskService.cs","ITaskService","Task<List<TaskViewModel>>","GetTasksAsync","Guid categoryId"
"src\Org.Frontend\Services\Tasks\ITaskService.cs","ITaskService","Task","UpdateTaskStatusAsync","Guid taskId, UpdateTaskStatusViewModel req"
"src\Org.Frontend\Services\Auth\ITokenStorage.cs","ITokenStorage","Task","ClearAsync","CancellationToken ct = default"
"src\Org.Frontend\Services\Auth\ITokenStorage.cs","ITokenStorage","Task<string?>","GetTokenAsync","CancellationToken ct = default"
"src\Org.Frontend\Services\Auth\ITokenStorage.cs","ITokenStorage","Task<DateTime?>","GetTokenExpiryAsync","CancellationToken ct = default"
"src\Org.Frontend\Services\Auth\ITokenStorage.cs","ITokenStorage","Task","SaveTokenAsync","string token, DateTime expiresAtUtc, CancellationToken ct = default"
"src\Org.Frontend\Services\Dashboard\IUserDashboardService.cs","IUserDashboardService","Task<UserDashboardViewModel>","GetDashboardAsync","CancellationToken ct = default"
"src\Org.Frontend\Services\UserSettings\IUserProfileService.cs","IUserProfileService","Task<string>","GetMyProfileVisibilityAsync","CancellationToken ct = default"
"src\Org.Frontend\Services\UserSettings\IUserProfileService.cs","IUserProfileService","Task<UserProfileViewModel>","GetUserProfileAsync","Guid targetUserId, CancellationToken ct = default"
"src\Org.Frontend\Services\UserSettings\IUserProfileService.cs","IUserProfileService","Task","UpdateMyProfileVisibilityAsync","string visibility, CancellationToken ct = default"
"src\Org.Frontend\Services\UserSettings\IUserSettingsService.cs","IUserSettingsService","Task<UserSettingsOperationResult>","ChangePasswordAsync","PasswordChangeFormViewModel request, CancellationToken ct = default"
"src\Org.Frontend\Services\UserSettings\IUserSettingsService.cs","IUserSettingsService","Task<UserSettingsOperationResult>","DeleteAccountAsync","CancellationToken ct = default"
"src\Org.Frontend\Services\UserSettings\IUserSettingsService.cs","IUserSettingsService","Task<UserSettingsPageViewModel>","GetSettingsAsync","CancellationToken ct = default"
"src\Org.Frontend\Services\UserSettings\IUserSettingsService.cs","IUserSettingsService","Task<UserSettingsOperationResult>","RevokeOtherSessionsAsync","CancellationToken ct = default"
"src\Org.Frontend\Services\UserSettings\IUserSettingsService.cs","IUserSettingsService","Task<UserSettingsOperationResult>","SaveNotificationsAsync","NotificationPreferencesViewModel preferences, CancellationToken ct = default"
"src\Org.Frontend\Services\UserSettings\IUserSettingsService.cs","IUserSettingsService","Task<UserSettingsOperationResult>","SaveProfileAsync","UserProfileFormViewModel profile, CancellationToken ct = default"
